Afghanistan	37856.0	257.0	1385.0	10.0	27681.0	8790.0	31.0	970.0	35.0	100138.0	2565.0	3.9043064E7	4.77%	180.0	92.0	120.0	62.0	NULL	NULL	Afghanistan	37856.00	257	1385.00	10	27681.00	8790.00	31	970	35	100138.00	2565.00	39043064	4.77%	180	92	120	62
Albania	7967.0	155.0	238.0	4.0	3986.0	3743.0	15.0	2769.0	83.0	49172.0	17089.0	2877351.0	5.63%	133.0	58.0	82.0	50.0	NULL	NULL	Albania	7967.00	155	238	4	3986.00	3743.00	15	2769.00	83	49172.00	17089.00	2877351	5.63%	133	58	82	50
Algeria	40258.0	411.0	1411.0	9.0	28281.0	10566.0	41.0	916.0	32.0	NULL	NULL	4.3956407E7	4.75%	NULL	96.0	126.0	64.0	NULL	NULL	Algeria	40258.00	411	1411.00	9	28281.00	10566.00	41	916	32			43956407	4.75%		96	126	64
Andorra	1024.0	NULL	53.0	NULL	875.0	96.0	1.0	13250.0	686.0	137457.0	1778642.0	77282.0	5.71%	1.0	4.0	14.0	49.0	NULL	NULL	Andorra	1024.00		53		875	96	1	13250.00	686	137457.00	1778642.00	77282	5.71%	1	4	14	49
Angola	2044.0	29.0	93.0	1.0	742.0	1209.0	24.0	62.0	3.0	64747.0	1962.0	3.2995591E7	11.14%	182.0	169.0	197.0	20.0	NULL	NULL	Angola	2044.00	29	93	1	742	1209.00	24	62	3	64747.00	1962.00	32995591	11.14%	182	169	197	20
Anguilla	3.0	NULL	NULL	NULL	3.0	0.0	NULL	200.0	NULL	662.0	44072.0	15021.0		97.0	NULL	181.0	NULL	NULL	NULL	Anguilla	3				3	0		200		662	44072.00	15021		97		181	
Antigua and Barbuda	94.0	NULL	3.0	NULL	89.0	2.0	1.0	959.0	31.0	1738.0	17727.0	98041.0	3.26%	132.0	97.0	122.0	93.0	NULL	NULL	Antigua and Barbuda	94		3		89	2	1	959	31	1738.00	17727.00	98041	3.26%	132	97	122	93
Argentina	320884.0	8225.0	6517.0	187.0	233651.0	80716.0	1832.0	7091.0	144.0	1030992.0	22783.0	4.5252733E7	2.71%	127.0	40.0	33.0	113.0	NULL	NULL	Argentina	320884.00	8225.00	6517.00	187	233651.00	80716.00	1832.00	7091.00	144	1030992.00	22783.00	45252733	2.71%	127	40	33	113
Armenia	42319.0	263.0	836.0	3.0	35476.0	6007.0	NULL	14278.0	282.0	190560.0	64291.0	2964022.0	2.30%	72.0	21.0	13.0	130.0	NULL	NULL	Armenia	42319.00	263	836	3	35476.00	6007.00		14278.00	282	190560.00	64291.00	2964022	2.30%	72	21	13	130
Aruba	1387.0	91.0	6.0	1.0	277.0	1104.0	2.0	12983.0	56.0	17669.0	165395.0	106829.0	2.12%	30.0	76.0	15.0	138.0	NULL	NULL	Aruba	1387.00	91	6	1	277	1104.00	2	12983.00	56	17669.00	165395.00	106829	2.12%	30	76	15	138
Australia	24236.0	243.0	463.0	13.0	17854.0	5919.0	51.0	949.0	18.0	5507605.0	215645.0	2.5540177E7	2.53%	22.0	114.0	123.0	117.0	NULL	NULL	Australia	24236.00	243	463	13	17854.00	5919.00	51	949	18	5507605.00	215645.00	25540177	2.53%	22	114	123	117
Austria	24431.0	347.0	729.0	NULL	21093.0	2609.0	21.0	2710.0	81.0	1061437.0	117760.0	9013539.0	3.34%	44.0	59.0	84.0	92.0	NULL	NULL	Austria	24431.00	347	729		21093.00	2609.00	21	2710.00	81	1061437.00	117760.00	9013539	3.34%	44	59	84	92
Azerbaijan	34759.0	139.0	510.0	NULL	32511.0	1738.0	NULL	3424.0	50.0	855802.0	84301.0	1.0151735E7	1.54%	59.0	80.0	74.0	154.0	NULL	NULL	Azerbaijan	34759.00	139	510		32511.00	1738.00		3424.00	50	855802.00	84301.00	10151735	1.54%	59	80	74	154
Bahamas	1610.0	79.0	23.0	1.0	211.0	1376.0	61.0	4089.0	58.0	8449.0	21457.0	393759.0	9.83%	128.0	75.0	58.0	24.0	NULL	NULL	Bahamas	1610.00	79	23	1	211	1376.00	61	4089.00	58	8449.00	21457.00	393759	9.83%	128	75	58	24
Bahrain	48303.0	353.0	179.0	1.0	44628.0	3496.0	37.0	28265.0	105.0	1011805.0	592064.0	1708944.0	0.40%	8.0	51.0	3.0	188.0	NULL	NULL	Bahrain	48303.00	353	179	1	44628.00	3496.00	37	28265.00	105	1011805.00	592064.00	1708944	0.40%	8	51	3	188
Bangladesh	287959.0	2868.0	3822.0	41.0	168991.0	115146.0	NULL	1746.0	23.0	1407556.0	8535.0	1.64914115E8	2.21%	156.0	107.0	95.0	135.0	NULL	NULL	Bangladesh	287959.00	2868.00	3822.00	41	168991.00	115146.00		1746.00	23	1407556.00	8535.00	164914115	2.21%	156	107	95	135
Barbados	156.0	1.0	7.0	NULL	123.0	26.0	NULL	543.0	24.0	15028.0	52285.0	287425.0	5.38%	85.0	104.0	146.0	55.0	NULL	NULL	Barbados	156	1	7		123	26		543	24	15028.00	52285.00	287425	5.38%	85	104	146	55
Belarus	69950.0	149.0	627.0	5.0	67929.0	1394.0	NULL	7403.0	66.0	1437110.0	152093.0	9448882.0	0.91%	33.0	67.0	32.0	171.0	NULL	NULL	Belarus	69950.00	149	627	5	67929.00	1394.00		7403.00	66	1437110.00	152093.00	9448882	0.91%	33	67	32	171
Belgium	79479.0	582.0	9969.0	10.0	18078.0	51432.0	83.0	6854.0	860.0	2049976.0	176773.0	1.1596664E7	35.54%	27.0	2.0	34.0	6.0	NULL	NULL	Belgium	79479.00	582	9969.00	10	18078.00	51432.00	83	6854.00	860	2049976.00	176773.00	11596664	35.54%	27	2	34	6
Belize	605.0	52.0	5.0	1.0	38.0	562.0	3.0	1518.0	13.0	5592.0	14030.0	398588.0	11.63%	140.0	130.0	102.0	17.0	NULL	NULL	Belize	605	52	5	1	38	562	3	1518.00	13	5592.00	14030.00	398588	11.63%	140	130	102	17
Benin	2095.0	NULL	39.0	NULL	1705.0	351.0	NULL	172.0	3.0	107057.0	8801.0	1.2164164E7	2.24%	155.0	169.0	183.0	132.0	NULL	NULL	Benin	2095.00		39		1705.00	351		172	3	107057.00	8801.00	12164164	2.24%	155	169	183	132
Bermuda	166.0	NULL	9.0	NULL	147.0	10.0	NULL	2667.0	145.0	36203.0	581621.0	62245.0	5.77%	9.0	39.0	85.0	48.0	NULL	NULL	Bermuda	166		9		147	10		2667.00	145	36203.00	581621.00	62245	5.77%	9	39	85	48
Bhutan	150.0	3.0	NULL	NULL	105.0	45.0	NULL	194.0	NULL	66835.0	86488.0	772767.0		57.0	NULL	182.0	NULL	NULL	NULL	Bhutan	150	3			105	45		194		66835.00	86488.00	772767		57		182	
Bolivia	105050.0	2031.0	4233.0	61.0	39965.0	60852.0	71.0	8983.0	362.0	222251.0	19005.0	1.169455E7	9.58%	130.0	16.0	23.0	25.0	NULL	NULL	Bolivia	105050.00	2031.00	4233.00	61	39965.00	60852.00	71	8983.00	362	222251.00	19005.00	11694550	9.58%	130	16	23	25
Bosnia and Herzegovina	17029.0	338.0	515.0	8.0	10881.0	5633.0	NULL	5195.0	157.0	168861.0	51515.0	3277873.0	4.52%	87.0	37.0	51.0	68.0	NULL	NULL	Bosnia and Herzegovina	17029.00	338	515	8	10881.00	5633.00		5195.00	157	168861.00	51515.00	3277873	4.52%	87	37	51	68
Botswana	1308.0	NULL	3.0	NULL	136.0	1169.0	1.0	555.0	1.0	93420.0	39620.0	2357895.0	2.16%	103.0	177.0	144.0	136.0	NULL	NULL	Botswana	1308.00		3		136	1169.00	1	555	1	93420.00	39620.00	2357895	2.16%	103	177	144	136
Brazil	3505097.0	44684.0	112423.0	1234.0	2653407.0	739267.0	8318.0	16474.0	528.0	1.3748152E7	64616.0	2.127684E8	4.06%	71.0	11.0	10.0	82.0	NULL	NULL	Brazil	3505097.00	44684.00	112423.00	1234.00	2653407.00	739267.00	8318.00	16474.00	528	13748152.00	64616.00	212768400	4.06%	71	11	10	82
British Virgin Islands	11.0	NULL	1.0	NULL	8.0	2.0	NULL	364.0	33.0	1890.0	62461.0	30259.0	11.11%	78.0	94.0	158.0	21.0	NULL	NULL	British Virgin Islands	11		1		8	2		364	33	1890.00	62461.00	30259	11.11%	78	94	158	21
Brunei	143.0	NULL	3.0	NULL	139.0	1.0	NULL	326.0	7.0	49399.0	112769.0	438054.0	2.11%	46.0	146.0	161.0	139.0	NULL	NULL	Brunei	143		3		139	1		326	7	49399.00	112769.00	438054	2.11%	46	146	161	139
Bulgaria	14962.0	142.0	532.0	5.0	10087.0	4343.0	63.0	2156.0	77.0	358723.0	51683.0	6940865.0	5.01%	86.0	61.0	89.0	59.0	NULL	NULL	Bulgaria	14962.00	142	532	5	10087.00	4343.00	63	2156.00	77	358723.00	51683.00	6940865	5.01%	86	61	89	59
Burkina Faso	1297.0	12.0	55.0	NULL	1034.0	208.0	NULL	62.0	3.0	NULL	NULL	2.0976858E7	5.05%	NULL	169.0	197.0	58.0	NULL	NULL	Burkina Faso	1297.00	12	55		1034.00	208		62	3			20976858	5.05%		169	197	58
Burundi	422.0	NULL	1.0	NULL	336.0	85.0	NULL	35.0	0.08	19993.0	1675.0	1.1935821E7	0.30%	186.0	190.0	205.0	190.0	NULL	NULL	Burundi	422		1		336	85		35	0.08	19993.00	1675.00	11935821	0.30%	186	190	205	190
CAR	4679.0	NULL	61.0	NULL	1755.0	2863.0	2.0	967.0	13.0	30775.0	6357.0	4840968.0	3.36%	166.0	130.0	121.0	91.0	NULL	NULL	CAR	4679.00		61		1755.00	2863.00	2	967	13	30775.00	6357.00	4840968	3.36%	166	130	121	91
Cabo Verde	3368.0	47.0	37.0	1.0	2462.0	869.0	NULL	6049.0	66.0	73900.0	132720.0	556812.0	1.48%	36.0	67.0	42.0	157.0	NULL	NULL	Cabo Verde	3368.00	47	37	1	2462.00	869		6049.00	66	73900.00	132720.00	556812	1.48%	36	67	42	157
Cambodia	273.0	NULL	NULL	NULL	253.0	20.0	1.0	16.0	NULL	83626.0	4993.0	1.6750228E7		172.0	NULL	210.0	NULL	NULL	NULL	Cambodia	273				253	20	1	16		83626.00	4993.00	16750228		172		210	
Cameroon	18762.0	138.0	408.0	2.0	16540.0	1814.0	30.0	705.0	15.0	149000.0	5595.0	2.6631541E7	2.41%	170.0	125.0	133.0	128.0	NULL	NULL	Cameroon	18762.00	138	408	2	16540.00	1814.00	30	705	15	149000.00	5595.00	26631541	2.41%	170	125	133	128
Canada	123873.0	383.0	9054.0	5.0	110288.0	4531.0	61.0	3278.0	240.0	4974215.0	131636.0	3.7787666E7	7.59%	37.0	26.0	76.0	34.0	NULL	NULL	Canada	123873.00	383	9054.00	5	110288.00	4531.00	61	3278.00	240	4974215.00	131636.00	37787666	7.59%	37	26	76	34
Caribbean Netherlands	13.0	NULL	NULL	NULL	7.0	6.0	NULL	495.0	NULL	424.0	16149.0	26256.0		136.0	NULL	151.0	NULL	NULL	NULL	Caribbean Netherlands	13				7	6		495		424	16149.00	26256		136		151	
Cayman Islands	205.0	NULL	1.0	NULL	202.0	2.0	NULL	3114.0	15.0	33978.0	516171.0	65827.0	0.49%	11.0	125.0	78.0	187.0	NULL	NULL	Cayman Islands	205		1		202	2		3114.00	15	33978.00	516171.00	65827	0.49%	11	125	78	187
Chad	972.0	1.0	76.0	NULL	869.0	27.0	NULL	59.0	5.0	NULL	NULL	1.6486068E7	8.04%	NULL	155.0	199.0	30.0	NULL	NULL	Chad	972	1	76		869	27		59	5			16486068	8.04%		155	199	30
Channel Islands	613.0	NULL	48.0	NULL	545.0	20.0	NULL	3521.0	276.0	68985.0	396276.0	174083.0	8.09%	12.0	23.0	69.0	29.0	NULL	NULL	Channel Islands	613		48		545	20		3521.00	276	68985.00	396276.00	174083	8.09%	12	23	69	29
Chile	391849.0	1812.0	10671.0	93.0	366063.0	15115.0	1077.0	20474.0	558.0	2113632.0	110437.0	1.9138783E7	2.83%	48.0	9.0	5.0	110.0	NULL	NULL	Chile	391849.00	1812.00	10671.00	93	366063.00	15115.00	1077.00	20474.00	558	2113632.00	110437.00	19138783	2.83%	48	9	5	110
China	84895.0	7.0	4634.0	NULL	79745.0	516.0	24.0	59.0	3.0	9.041E7	62814.0	1.439323776E9	5.49%	77.0	169.0	199.0	52.0	NULL	NULL	China	84895.00	7	4634.00		79745.00	516	24	59	3	90410000.00	62814.00	1439323776	5.49%	77	169	199	52
Colombia	513719.0	11541.0	16183.0	204.0	339124.0	158412.0	1493.0	10081.0	318.0	2374898.0	46606.0	5.0956995E7	4.55%	91.0	20.0	21.0	65.0	NULL	NULL	Colombia	513719.00	11541.00	16183.00	204	339124.00	158412.00	1493.00	10081.00	318	2374898.00	46606.00	50956995	4.55%	91	20	21	65
Comoros	417.0	11.0	7.0	NULL	396.0	14.0	NULL	478.0	8.0	NULL	NULL	872036.0	1.74%	NULL	141.0	152.0	149.0	NULL	NULL	Comoros	417	11	7		396	14		478	8			872036	1.74%		141	152	149
Congo	3850.0	NULL	77.0	NULL	1625.0	2148.0	NULL	695.0	14.0	NULL	NULL	5535717.0	4.52%	NULL	128.0	136.0	67.0	NULL	NULL	Congo	3850.00		77		1625.00	2148.00		695	14			5535717	4.52%		128	136	67
Costa Rica	31075.0	666.0	333.0	12.0	9939.0	20803.0	128.0	6093.0	65.0	126337.0	24769.0	5100508.0	3.24%	121.0	69.0	41.0	94.0	NULL	NULL	Costa Rica	31075.00	666	333	12	9939.00	20803.00	128	6093.00	65	126337.00	24769.00	5100508	3.24%	121	69	41	94
Croatia	7329.0	255.0	168.0	NULL	5472.0	1689.0	13.0	1787.0	41.0	144521.0	35235.0	4101613.0	2.98%	107.0	86.0	94.0	103.0	NULL	NULL	Croatia	7329.00	255	168		5472.00	1689.00	13	1787.00	41	144521.00	35235.00	4101613	2.98%	107	86	94	103
Cuba	3565.0	83.0	88.0	NULL	2894.0	583.0	3.0	315.0	8.0	346439.0	30589.0	1.1325635E7	2.95%	115.0	141.0	164.0	106.0	NULL	NULL	Cuba	3565.00	83	88		2894.00	583	3	315	8	346439.00	30589.00	11325635	2.95%	115	141	164	106
Curaça	36.0	NULL	1.0	NULL	31.0	4.0	NULL	219.0	6.0	1080.0	6578.0	164187.0	3.13%	165.0	148.0	176.0	99.0	NULL	NULL	Curaça	36		1		31	4		219	6	1080.00	6578.00	164187	3.13%	165	148	176	99
Cyprus	1395.0	10.0	20.0	NULL	878.0	497.0	5.0	1154.0	17.0	263943.0	218392.0	1208574.0	2.23%	21.0	118.0	113.0	133.0	NULL	NULL	Cyprus	1395.00	10	20		878	497	5	1154.00	17	263943.00	218392.00	1208574	2.23%	21	118	113	133
Czechia	21045.0	247.0	406.0	2.0	15886.0	4753.0	24.0	1965.0	38.0	820151.0	76565.0	1.0711777E7	2.49%	64.0	88.0	91.0	120.0	NULL	NULL	Czechia	21045.00	247	406	2	15886.00	4753.00	24	1965.00	38	820151.00	76565.00	10711777	2.49%	64	88	91	120
DRC	9757.0	16.0	247.0	1.0	8895.0	615.0	NULL	109.0	3.0	NULL	NULL	8.9906805E7	2.70%	NULL	169.0	190.0	114.0	NULL	NULL	DRC	9757.00	16	247	1	8895.00	615		109	3			89906805	2.70%		169	190	114
Denmark	16056.0	116.0	621.0	NULL	13769.0	1666.0	1.0	2771.0	107.0	2075156.0	358091.0	5795057.0	4.32%	14.0	50.0	81.0	77.0	NULL	NULL	Denmark	16056.00	116	621		13769.00	1666.00	1	2771.00	107	2075156.00	358091.00	5795057	4.32%	14	50	81	77
Diamond Princess	712.0	NULL	13.0	NULL	651.0	48.0	4.0	NULL	NULL	NULL	NULL	NULL	1.96%	NULL	NULL	NULL	142.0	NULL	NULL	Diamond Princess	712		13		651	48	4						1.96%				142
Djibouti	5374.0	NULL	59.0	NULL	5216.0	99.0	NULL	5429.0	60.0	63471.0	64116.0	989936.0	1.12%	73.0	72.0	48.0	166.0	NULL	NULL	Djibouti	5374.00		59		5216.00	99		5429.00	60	63471.00	64116.00	989936	1.12%	73	72	48	166
Dominica	18.0	NULL	NULL	NULL	18.0	0.0	NULL	250.0	NULL	1646.0	22858.0	72011.0		126.0	NULL	171.0	NULL	NULL	NULL	Dominica	18				18	0		250		1646.00	22858.00	72011		126		171	
Dominican Republic	89010.0	883.0	1505.0	4.0	57734.0	29771.0	288.0	8194.0	139.0	335478.0	30883.0	1.0862806E7	2.54%	114.0	43.0	28.0	116.0	NULL	NULL	Dominican Republic	89010.00	883	1505.00	4	57734.00	29771.00	288	8194.00	139	335478.00	30883.00	10862806	2.54%	114	43	28	116
Ecuador	105508.0	1033.0	6200.0	54.0	87660.0	11648.0	331.0	5968.0	351.0	297376.0	16821.0	1.7679078E7	6.61%	134.0	19.0	44.0	40.0	NULL	NULL	Ecuador	105508.00	1033.00	6200.00	54	87660.00	11648.00	331	5968.00	351	297376.00	16821.00	17679078	6.61%	134	19	44	40
Egypt	97025.0	111.0	5212.0	15.0	63462.0	28351.0	41.0	946.0	51.0	135000.0	1316.0	1.02590466E8	7.59%	189.0	78.0	124.0	33.0	NULL	NULL	Egypt	97025.00	111	5212.00	15	63462.00	28351.00	41	946	51	135000.00	1316.00	102590466	7.59%	189	78	124	33
El Salvador	23964.0	247.0	640.0	7.0	11558.0	11766.0	391.0	3692.0	99.0	288307.0	44418.0	6490763.0	5.25%	96.0	55.0	66.0	57.0	NULL	NULL	El Salvador	23964.00	247	640	7	11558.00	11766.00	391	3692.00	99	288307.00	44418.00	6490763	5.25%	96	55	66	57
Equatorial Guinea	4892.0	NULL	83.0	NULL	2713.0	2096.0	NULL	3473.0	59.0	49215.0	34935.0	1408774.0	2.97%	109.0	74.0	72.0	105.0	NULL	NULL	Equatorial Guinea	4892.00		83		2713.00	2096.00		3473.00	59	49215.00	34935.00	1408774	2.97%	109	74	72	105
Eritrea	306.0	2.0	NULL	NULL	274.0	32.0	NULL	86.0	NULL	NULL	NULL	3553053.0		NULL	NULL	193.0	NULL	NULL	NULL	Eritrea	306	2			274	32		86				3553053				193	
Estonia	2227.0	20.0	63.0	NULL	2009.0	155.0	NULL	1679.0	47.0	138166.0	104146.0	1326661.0	3.04%	51.0	83.0	96.0	100.0	NULL	NULL	Estonia	2227.00	20	63		2009.00	155		1679.00	47	138166.00	104146.00	1326661	3.04%	51	83	96	100
Eswatini	4110.0	52.0	81.0	2.0	2643.0	1386.0	11.0	3538.0	70.0	28380.0	24427.0	1161807.0	2.97%	122.0	64.0	68.0	104.0	NULL	NULL	Eswatini	4110.00	52	81	2	2643.00	1386.00	11	3538.00	70	28380.00	24427.00	1161807	2.97%	122	64	68	104
Ethiopia	35836.0	1778.0	620.0	20.0	13536.0	21680.0	216.0	311.0	5.0	694093.0	6018.0	1.15332992E8	4.38%	168.0	155.0	165.0	73.0	NULL	NULL	Ethiopia	35836.00	1778.00	620	20	13536.00	21680.00	216	311	5	694093.00	6018.00	115332992	4.38%	168	155	165	73
Faeroe Islands	383.0	1.0	NULL	NULL	274.0	109.0	3.0	7834.0	NULL	80312.0	1642742.0	48889.0		2.0	NULL	31.0	NULL	NULL	NULL	Faeroe Islands	383	1			274	109	3	7834.00		80312.00	1642742.00	48889		2		31	
Falkland Islands	13.0	NULL	NULL	NULL	13.0	0.0	NULL	3722.0	NULL	2256.0	645863.0	3493.0		6.0	NULL	65.0	NULL	NULL	NULL	Falkland Islands	13				13	0		3722.00		2256.00	645863.00	3493		6		65	
Fiji	28.0	NULL	1.0	NULL	20.0	7.0	NULL	31.0	1.0	6693.0	7459.0	897343.0	4.76%	160.0	177.0	206.0	63.0	NULL	NULL	Fiji	28		1		20	7		31	1	6693.00	7459.00	897343	4.76%	160	177	206	63
Finland	7842.0	37.0	334.0	NULL	7100.0	408.0	NULL	1415.0	60.0	517936.0	93458.0	5541933.0	4.49%	55.0	72.0	104.0	69.0	NULL	NULL	Finland	7842.00	37	334		7100.00	408		1415.00	60	517936.00	93458.00	5541933	4.49%	55	72	104	69
France	229814.0	4771.0	30480.0	12.0	84065.0	115269.0	384.0	3520.0	467.0	6000000.0	91892.0	6.5293815E7	26.61%	56.0	12.0	70.0	8.0	NULL	NULL	France	229814.00	4771.00	30480.00	12	84065.00	115269.00	384	3520.00	467	6000000.00	91892.00	65293815	26.61%	56	12	70	8
French Guiana	8743.0	32.0	54.0	NULL	8189.0	500.0	17.0	29174.0	180.0	48382.0	161444.0	299682.0	0.66%	31.0	33.0	2.0	181.0	NULL	NULL	French Guiana	8743.00	32	54		8189.00	500	17	29174.00	180	48382.00	161444.00	299682	0.66%	31	33	2	181
French Polynesia	211.0	NULL	NULL	NULL	68.0	143.0	2.0	751.0	NULL	9912.0	35257.0	281134.0		106.0	NULL	131.0	NULL	NULL	NULL	French Polynesia	211				68	143	2	751		9912.00	35257.00	281134		106		131	
Gabon	8319.0	NULL	53.0	NULL	6614.0	1652.0	1.0	3726.0	24.0	104420.0	46771.0	2232578.0	0.79%	90.0	104.0	64.0	173.0	NULL	NULL	Gabon	8319.00		53		6614.00	1652.00	1	3726.00	24	104420.00	46771.00	2232578	0.79%	90	104	64	173
Gambia	2401.0	113.0	81.0	4.0	435.0	1885.0	NULL	990.0	33.0	10781.0	4445.0	2425361.0	15.70%	174.0	94.0	119.0	10.0	NULL	NULL	Gambia	2401.00	113	81	4	435	1885.00		990	33	10781.00	4445.00	2425361	15.70%	174	94	119	10
Georgia	1370.0	9.0	17.0	NULL	1108.0	245.0	NULL	344.0	4.0	315142.0	79021.0	3988076.0	1.51%	61.0	162.0	159.0	155.0	NULL	NULL	Georgia	1370.00	9	17		1108.00	245		344	4	315142.00	79021.00	3988076	1.51%	61	162	159	155
Germany	231284.0	1584.0	9324.0	10.0	204800.0	17160.0	231.0	2759.0	111.0	1.0197366E7	121656.0	8.3821481E7	4.35%	43.0	48.0	83.0	75.0	NULL	NULL	Germany	231284.00	1584.00	9324.00	10	204800.00	17160.00	231	2759.00	111	10197366.00	121656.00	83821481	4.35%	43	48	83	75
Ghana	43260.0	166.0	261.0	5.0	41276.0	1723.0	5.0	1388.0	8.0	431272.0	13841.0	3.1158344E7	0.63%	141.0	141.0	106.0	184.0	NULL	NULL	Ghana	43260.00	166	261	5	41276.00	1723.00	5	1388.00	8	431272.00	13841.00	31158344	0.63%	141	141	106	184
Gibraltar	229.0	6.0	NULL	NULL	200.0	29.0	NULL	6797.0	NULL	28366.0	841971.0	33690.0		5.0	NULL	35.0	NULL	NULL	NULL	Gibraltar	229	6			200	29		6797.00		28366.00	841971.00	33690		5		35	
Greece	7934.0	250.0	235.0	NULL	3804.0	3895.0	30.0	762.0	23.0	816450.0	78386.0	1.0415735E7	5.82%	62.0	107.0	130.0	47.0	NULL	NULL	Greece	7934.00	250	235		3804.00	3895.00	30	762	23	816450.00	78386.00	10415735	5.82%	62	107	130	47
Greenland	14.0	NULL	NULL	NULL	14.0	0.0	NULL	247.0	NULL	6446.0	113518.0	56784.0		45.0	NULL	172.0	NULL	NULL	NULL	Greenland	14				14	0		247		6446.00	113518.00	56784		45		172	
Grenada	24.0	NULL	NULL	NULL	24.0	0.0	NULL	213.0	NULL	6252.0	55526.0	112596.0		84.0	NULL	178.0	NULL	NULL	NULL	Grenada	24				24	0		213		6252.00	55526.00	112596		84		178	
Guadeloupe	510.0	NULL	15.0	NULL	289.0	206.0	2.0	1275.0	37.0	23585.0	58943.0	400134.0	4.93%	81.0	89.0	111.0	60.0	NULL	NULL	Guadeloupe	510		15		289	206	2	1275.00	37	23585.00	58943.00	400134	4.93%	81	89	111	60
Guatemala	65983.0	1102.0	2506.0	39.0	54351.0	9126.0	5.0	3674.0	140.0	213204.0	11871.0	1.7959594E7	4.41%	146.0	42.0	67.0	72.0	NULL	NULL	Guatemala	65983.00	1102.00	2506.00	39	54351.00	9126.00	5	3674.00	140	213204.00	11871.00	17959594	4.41%	146	42	67	72
Guinea	8876.0	84.0	53.0	NULL	7628.0	1195.0	24.0	674.0	4.0	16975.0	1288.0	1.317858E7	0.69%	190.0	162.0	137.0	180.0	NULL	NULL	Guinea	8876.00	84	53		7628.00	1195.00	24	674	4	16975.00	1288.00	13178580	0.69%	190	162	137	180
Guinea-Bissau	2149.0	32.0	33.0	NULL	1015.0	1101.0	5.0	1089.0	17.0	1500.0	760.0	1974061.0	3.15%	192.0	118.0	116.0	97.0	NULL	NULL	Guinea-Bissau	2149.00	32	33		1015.00	1101.00	5	1089.00	17	1500.00	760	1974061	3.15%	192	118	116	97
Guyana	846.0	70.0	29.0	2.0	399.0	418.0	8.0	1075.0	37.0	6502.0	8261.0	787081.0	6.78%	158.0	89.0	117.0	37.0	NULL	NULL	Guyana	846	70	29	2	399	418	8	1075.00	37	6502.00	8261.00	787081	6.78%	158	89	117	37
Haiti	7997.0	48.0	196.0	NULL	5447.0	2354.0	NULL	700.0	17.0	21400.0	1874.0	1.1421419E7	3.47%	184.0	118.0	135.0	88.0	NULL	NULL	Haiti	7997.00	48	196		5447.00	2354.00		700	17	21400.00	1874.00	11421419	3.47%	184	118	135	88
Honduras	52298.0	628.0	1608.0	15.0	7867.0	42823.0	43.0	5269.0	162.0	127946.0	12890.0	9925734.0	16.97%	142.0	36.0	50.0	9.0	NULL	NULL	Honduras	52298.00	628	1608.00	15	7867.00	42823.00	43	5269.00	162	127946.00	12890.00	9925734	16.97%	142	36	50	9
Hong Kong	4605.0	18.0	73.0	1.0	3827.0	705.0	31.0	614.0	10.0	780415.0	103981.0	7505365.0	1.87%	52.0	134.0	140.0	143.0	NULL	NULL	Hong Kong	4605.00	18	73	1	3827.00	705	31	614	10	780415.00	103981.00	7505365	1.87%	52	134	140	143
Hungary	5046.0	44.0	609.0	NULL	3678.0	759.0	7.0	523.0	63.0	390079.0	40394.0	9656850.0	14.21%	102.0	70.0	148.0	13.0	NULL	NULL	Hungary	5046.00	44	609		3678.00	759	7	523	63	390079.00	40394.00	9656850	14.21%	102	70	148	13
Iceland	2040.0	5.0	10.0	NULL	1913.0	117.0	1.0	5973.0	29.0	191690.0	561236.0	341550.0	0.52%	10.0	99.0	43.0	186.0	NULL	NULL	Iceland	2040.00	5	10		1913.00	117	1	5973.00	29	191690.00	561236.00	341550	0.52%	10	99	43	186
India	2904329.0	68507.0	54975.0	981.0	2157941.0	691413.0	8944.0	2102.0	40.0	3.2661252E7	23636.0	1.381863561E9	2.48%	123.0	87.0	90.0	121.0	NULL	NULL	India	2904329.00	68507.00	54975.00	981	2157941.00	691413.00	8944.00	2102.00	40	32661252.00	23636.00	1381863561	2.48%	123	87	90	121
Indonesia	147211.0	2266.0	6418.0	72.0	100674.0	40119.0	NULL	537.0	23.0	1969941.0	7192.0	2.73918933E8	5.99%	163.0	107.0	147.0	44.0	NULL	NULL	Indonesia	147211.00	2266.00	6418.00	72	100674.00	40119.00		537	23	1969941.00	7192.00	273918933	5.99%	163	107	147	44
Iran	352558.0	2279.0	20264.0	139.0	304236.0	28058.0	3869.0	4190.0	241.0	2939840.0	34940.0	8.4138745E7	6.24%	108.0	25.0	56.0	41.0	NULL	NULL	Iran	352558.00	2279.00	20264.00	139	304236.00	28058.00	3869.00	4190.00	241	2939840.00	34940.00	84138745	6.24%	108	25	56	41
Iraq	192797.0	3995.0	6208.0	87.0	137200.0	49389.0	614.0	4779.0	154.0	1368727.0	33929.0	4.0340634E7	4.33%	110.0	38.0	52.0	76.0	NULL	NULL	Iraq	192797.00	3995.00	6208.00	87	137200.00	49389.00	614	4779.00	154	1368727.00	33929.00	40340634	4.33%	110	38	52	76
Ireland	27676.0	129.0	1776.0	1.0	23364.0	2536.0	6.0	5596.0	359.0	735598.0	148747.0	4945309.0	7.06%	34.0	18.0	46.0	36.0	NULL	NULL	Ireland	27676.00	129	1776.00	1	23364.00	2536.00	6	5596.00	359	735598.00	148747.00	4945309	7.06%	34	18	46	36
Isle of Man	336.0	NULL	24.0	NULL	312.0	0.0	NULL	3948.0	282.0	9423.0	110734.0	85096.0	7.14%	47.0	21.0	60.0	35.0	NULL	NULL	Isle of Man	336		24		312	0		3948.00	282	9423.00	110734.00	85096	7.14%	47	21	60	35
Israel	99599.0	1630.0	795.0	14.0	74579.0	24225.0	389.0	10829.0	86.0	2180096.0	237029.0	9197590.0	1.05%	16.0	57.0	19.0	169.0	NULL	NULL	Israel	99599.00	1630.00	795	14	74579.00	24225.00	389	10829.00	86	2180096.00	237029.00	9197590	1.05%	16	57	19	169
Italy	256118.0	840.0	35418.0	6.0	204686.0	16014.0	68.0	4237.0	586.0	7790596.0	128878.0	6.044918E7	14.75%	40.0	7.0	55.0	12.0	NULL	NULL	Italy	256118.00	840	35418.00	6	204686.00	16014.00	68	4237.00	586	7790596.00	128878.00	60449180	14.75%	40	7	55	12
Ivory Coast	17249.0	17.0	112.0	1.0	14611.0	2526.0	NULL	652.0	4.0	117115.0	4426.0	2.6463011E7	0.76%	175.0	162.0	138.0	175.0	NULL	NULL	Ivory Coast	17249.00	17	112	1	14611.00	2526.00		652	4	117115.00	4426.00	26463011	0.76%	175	162	138	175
Jamaica	1192.0	46.0	14.0	NULL	772.0	406.0	1.0	402.0	5.0	49215.0	16610.0	2962971.0	1.78%	135.0	155.0	156.0	144.0	NULL	NULL	Jamaica	1192.00	46	14		772	406	1	402	5	49215.00	16610.00	2962971	1.78%	135	155	156	144
Japan	58501.0	951.0	1144.0	16.0	45266.0	12091.0	237.0	463.0	9.0	1259422.0	9962.0	1.26421114E8	2.46%	152.0	137.0	154.0	125.0	NULL	NULL	Japan	58501.00	951	1144.00	16	45266.00	12091.00	237	463	9	1259422.00	9962.00	126421114	2.46%	152	137	154	125
Jordan	1498.0	16.0	11.0	NULL	1261.0	226.0	3.0	147.0	1.0	720972.0	70566.0	1.0217009E7	0.86%	67.0	177.0	184.0	172.0	NULL	NULL	Jordan	1498.00	16	11		1261.00	226	3	147	1	720972.00	70566.00	10217009	0.86%	67	177	184	172
Kazakhstan	103815.0	244.0	1415.0	NULL	86450.0	15950.0	221.0	5520.0	75.0	2291327.0	121832.0	1.8807256E7	1.61%	42.0	62.0	47.0	152.0	NULL	NULL	Kazakhstan	103815.00	244	1415.00		86450.00	15950.00	221	5520.00	75	2291327.00	121832.00	18807256	1.61%	42	62	47	152
Kenya	31441.0	426.0	516.0	10.0	17869.0	13056.0	44.0	583.0	10.0	398585.0	7391.0	5.3926571E7	2.81%	161.0	134.0	141.0	111.0	NULL	NULL	Kenya	31441.00	426	516	10	17869.00	13056.00	44	583	10	398585.00	7391.00	53926571	2.81%	161	134	141	111
Kuwait	78767.0	622.0	509.0	2.0	70642.0	7616.0	94.0	18407.0	119.0	577588.0	134980.0	4279075.0	0.72%	35.0	46.0	7.0	178.0	NULL	NULL	Kuwait	78767.00	622	509	2	70642.00	7616.00	94	18407.00	119	577588.00	134980.00	4279075	0.72%	35	46	7	178
Kyrgyzstan	42507.0	182.0	1498.0	0.0	35486.0	5523.0	24.0	6501.0	229.0	267718.0	40944.0	6538600.0	4.05%	101.0	28.0	38.0	83.0	NULL	NULL	Kyrgyzstan	42507.00	182	1498.00	0	35486.00	5523.00	24	6501.00	229	267718.00	40944.00	6538600	4.05%	101	28	38	83
Laos	22.0	NULL	NULL	NULL	19.0	3.0	NULL	3.0	NULL	35428.0	4860.0	7289790.0		173.0	NULL	214.0	NULL	NULL	NULL	Laos	22				19	3		3		35428.00	4860.00	7289790		173		214	
Latvia	1327.0	1.0	33.0	NULL	1093.0	201.0	NULL	705.0	18.0	232918.0	123686.0	1883144.0	2.93%	41.0	114.0	133.0	107.0	NULL	NULL	Latvia	1327.00	1	33		1093.00	201		705	18	232918.00	123686.00	1883144	2.93%	41	114	133	107
Lebanon	10952.0	605.0	113.0	4.0	3040.0	7799.0	72.0	1606.0	17.0	443709.0	65050.0	6821056.0	3.58%	70.0	118.0	100.0	86.0	NULL	NULL	Lebanon	10952.00	605	113	4	3040.00	7799.00	72	1606.00	17	443709.00	65050.00	6821056	3.58%	70	118	100	86
Lesotho	996.0	50.0	30.0	NULL	423.0	543.0	NULL	464.0	14.0	12033.0	5611.0	2144591.0	6.62%	169.0	128.0	153.0	39.0	NULL	NULL	Lesotho	996	50	30		423	543		464	14	12033.00	5611.00	2144591	6.62%	169	128	153	39
Liberia	1284.0	2.0	82.0	NULL	803.0	399.0	NULL	253.0	16.0	NULL	NULL	5073177.0	9.27%	NULL	122.0	170.0	26.0	NULL	NULL	Liberia	1284.00	2	82		803	399		253	16			5073177	9.27%		122	170	26
Libya	9707.0	244.0	173.0	4.0	1047.0	8487.0	NULL	1410.0	25.0	88492.0	12855.0	6883928.0	14.18%	144.0	103.0	105.0	14.0	NULL	NULL	Libya	9707.00	244	173	4	1047.00	8487.00		1410.00	25	88492.00	12855.00	6883928	14.18%	144	103	105	14
Liechtenstein	99.0	1.0	1.0	NULL	88.0	10.0	NULL	2595.0	26.0	900.0	23595.0	38143.0	1.12%	124.0	101.0	87.0	165.0	NULL	NULL	Liechtenstein	99	1	1		88	10		2595.00	26	900	23595.00	38143	1.12%	124	101	87	165
Lithuania	2528.0	32.0	82.0	1.0	1747.0	699.0	6.0	931.0	30.0	594478.0	218825.0	2716679.0	4.48%	20.0	98.0	125.0	70.0	NULL	NULL	Lithuania	2528.00	32	82	1	1747.00	699	6	931	30	594478.00	218825.00	2716679	4.48%	20	98	125	70
Luxembourg	7637.0	71.0	124.0	NULL	6903.0	610.0	3.0	12174.0	198.0	706629.0	1126386.0	627342.0	1.76%	4.0	32.0	16.0	148.0	NULL	NULL	Luxembourg	7637.00	71	124		6903.00	610	3	12174.00	198	706629.00	1126386.00	627342	1.76%	4	32	16	148
MS Zaandam	9.0	NULL	2.0	NULL	NULL	7.0	NULL	NULL	NULL	NULL	NULL	NULL	100.00%	NULL	NULL	NULL	1.0	NULL	NULL	MS Zaandam	9		2			7							100.00%				1
Macao	46.0	NULL	NULL	NULL	46.0	0.0	NULL	71.0	NULL	4071.0	6258.0	650532.0		167.0	NULL	195.0	NULL	NULL	NULL	Macao	46				46	0		71		4071.00	6258.00	650532		167		195	
Madagascar	14154.0	80.0	177.0	4.0	13038.0	939.0	83.0	509.0	6.0	53954.0	1942.0	2.7783027E7	1.34%	183.0	148.0	150.0	161.0	NULL	NULL	Madagascar	14154.00	80	177	4	13038.00	939	83	509	6	53954.00	1942.00	27783027	1.34%	183	148	150	161
Malawi	5282.0	42.0	165.0	1.0	2883.0	2234.0	4.0	275.0	9.0	41026.0	2137.0	1.919381E7	5.41%	181.0	137.0	168.0	54.0	NULL	NULL	Malawi	5282.00	42	165	1	2883.00	2234.00	4	275	9	41026.00	2137.00	19193810	5.41%	181	137	168	54
Malaysia	9240.0	5.0	125.0	NULL	8932.0	183.0	7.0	285.0	4.0	1152140.0	35535.0	3.2422234E7	1.38%	105.0	162.0	167.0	160.0	NULL	NULL	Malaysia	9240.00	5	125		8932.00	183	7	285	4	1152140.00	35535.00	32422234	1.38%	105	162	167	160
Maldives	6370.0	145.0	24.0	NULL	3915.0	2431.0	12.0	11757.0	44.0	100233.0	184996.0	541813.0	0.61%	25.0	84.0	17.0	185.0	NULL	NULL	Maldives	6370.00	145	24		3915.00	2431.00	12	11757.00	44	100233.00	184996.00	541813	0.61%	25	84	17	185
Mali	2667.0	NULL	125.0	NULL	1993.0	549.0	NULL	131.0	6.0	32716.0	1610.0	2.0325303E7	5.90%	187.0	148.0	188.0	45.0	NULL	NULL	Mali	2667.00		125		1993.00	549		131	6	32716.00	1610.00	20325303	5.90%	187	148	188	45
Malta	1510.0	40.0	9.0	NULL	802.0	699.0	NULL	3419.0	20.0	166348.0	376602.0	441708.0	1.11%	13.0	112.0	75.0	168.0	NULL	NULL	Malta	1510.00	40	9		802	699		3419.00	20	166348.00	376602.00	441708	1.11%	13	112	75	168
Martinique	336.0	NULL	16.0	NULL	98.0	222.0	2.0	895.0	43.0	12227.0	32586.0	375224.0	14.04%	112.0	85.0	127.0	15.0	NULL	NULL	Martinique	336		16		98	222	2	895	43	12227.00	32586.00	375224	14.04%	112	85	127	15
Mauritania	6848.0	19.0	158.0	NULL	6123.0	567.0	3.0	1468.0	34.0	68872.0	14762.0	4665419.0	2.52%	138.0	93.0	103.0	118.0	NULL	NULL	Mauritania	6848.00	19	158		6123.00	567	3	1468.00	34	68872.00	14762.00	4665419	2.52%	138	93	103	118
Mauritius	346.0	NULL	10.0	NULL	334.0	2.0	NULL	272.0	8.0	205285.0	161379.0	1272065.0	2.91%	32.0	141.0	169.0	109.0	NULL	NULL	Mauritius	346		10		334	2		272	8	205285.00	161379.00	1272065	2.91%	32	141	169	109
Mayotte	3160.0	NULL	39.0	NULL	2964.0	157.0	1.0	11547.0	143.0	13000.0	47502.0	273671.0	1.30%	89.0	41.0	18.0	162.0	NULL	NULL	Mayotte	3160.00		39		2964.00	157	1	11547.00	143	13000.00	47502.00	273671	1.30%	89	41	18	162
Mexico	537031.0	5792.0	58481.0	707.0	367537.0	111013.0	3480.0	4159.0	453.0	1211552.0	9383.0	1.29117943E8	13.73%	153.0	13.0	57.0	16.0	NULL	NULL	Mexico	537031.00	5792.00	58481.00	707	367537.00	111013.00	3480.00	4159.00	453	1211552.00	9383.00	129117943	13.73%	153	13	57	16
Moldova	31937.0	522.0	921.0	7.0	21885.0	9131.0	362.0	7920.0	228.0	183923.0	45609.0	4032626.0	4.04%	93.0	29.0	30.0	84.0	NULL	NULL	Moldova	31937.00	522	921	7	21885.00	9131.00	362	7920.00	228	183923.00	45609.00	4032626	4.04%	93	29	30	84
Monaco	150.0	2.0	4.0	NULL	115.0	31.0	1.0	3819.0	102.0	51953.0	1322632.0	39280.0	3.36%	3.0	53.0	62.0	90.0	NULL	NULL	Monaco	150	2	4		115	31	1	3819.00	102	51953.00	1322632.00	39280	3.36%	3	53	62	90
Mongolia	298.0	NULL	NULL	NULL	281.0	17.0	1.0	91.0	NULL	46332.0	14103.0	3285365.0		139.0	NULL	192.0	NULL	NULL	NULL	Mongolia	298				281	17	1	91		46332.00	14103.00	3285365		139		192	
Montenegro	4229.0	55.0	81.0	1.0	3186.0	962.0	NULL	6733.0	129.0	44219.0	70404.0	628077.0	2.48%	68.0	44.0	36.0	122.0	NULL	NULL	Montenegro	4229.00	55	81	1	3186.00	962		6733.00	129	44219.00	70404.00	628077	2.48%	68	44	36	122
Montserrat	13.0	NULL	1.0	NULL	12.0	0.0	NULL	2604.0	200.0	61.0	12220.0	4992.0	7.69%	145.0	31.0	86.0	32.0	NULL	NULL	Montserrat	13		1		12	0		2604.00	200	61	12220.00	4992	7.69%	145	31	86	32
Morocco	47638.0	1325.0	775.0	32.0	32806.0	14057.0	31.0	1289.0	21.0	1670569.0	45187.0	3.6970089E7	2.31%	94.0	111.0	110.0	129.0	NULL	NULL	Morocco	47638.00	1325.00	775	32	32806.00	14057.00	31	1289.00	21	1670569.00	45187.00	36970089	2.31%	94	111	110	129
Mozambique	3115.0	70.0	20.0	1.0	1380.0	1715.0	NULL	99.0	0.6	82264.0	2623.0	3.1367587E7	1.43%	178.0	182.0	191.0	158.0	NULL	NULL	Mozambique	3115.00	70	20	1	1380.00	1715.00		99	0.6	82264.00	2623.00	31367587	1.43%	178	182	191	158
Myanmar	399.0	5.0	6.0	NULL	333.0	60.0	NULL	7.0	0.1	141044.0	2590.0	5.4460318E7	1.77%	179.0	189.0	213.0	147.0	NULL	NULL	Myanmar	399	5	6		333	60		7	0.1	141044.00	2590.00	54460318	1.77%	179	189	213	147
Namibia	4912.0	247.0	41.0	2.0	2442.0	2429.0	18.0	1929.0	16.0	45744.0	17960.0	2547027.0	1.65%	131.0	122.0	92.0	150.0	NULL	NULL	Namibia	4912.00	247	41	2	2442.00	2429.00	18	1929.00	16	45744.00	17960.00	2547027	1.65%	131	122	92	150
Nepal	29645.0	707.0	126.0	6.0	17964.0	11555.0	NULL	1015.0	4.0	878622.0	30083.0	2.9206558E7	0.70%	116.0	162.0	118.0	179.0	NULL	NULL	Nepal	29645.00	707	126	6	17964.00	11555.00		1015.00	4	878622.00	30083.00	29206558	0.70%	116	162	118	179
Netherlands	65054.0	529.0	6191.0	10.0	0.0	0.0	51.0	3795.0	361.0	1312787.0	76591.0	1.7140202E7	100.00%	63.0	17.0	63.0	1.0	NULL	NULL	Netherlands	65054.00	529	6191.00	10	0	0	51	3795.00	361	1312787.00	76591.00	17140202	100.00%	63	17	63	1
New Caledonia	23.0	NULL	NULL	NULL	22.0	1.0	NULL	80.0	NULL	11838.0	41410.0	285874.0		99.0	NULL	194.0	NULL	NULL	NULL	New Caledonia	23				22	1		80		11838.00	41410.00	285874		99		194	
New Zealand	1654.0	5.0	22.0	NULL	1531.0	101.0	6.0	331.0	4.0	657506.0	131446.0	5002100.0	1.42%	38.0	162.0	160.0	159.0	NULL	NULL	New Zealand	1654.00	5	22		1531.00	101	6	331	4	657506.00	131446.00	5002100	1.42%	38	162	160	159
Nicaragua	4311.0	NULL	133.0	NULL	2913.0	1265.0	NULL	650.0	20.0	NULL	NULL	6635277.0	4.37%	NULL	112.0	139.0	74.0	NULL	NULL	Nicaragua	4311.00		133		2913.00	1265.00		650	20			6635277	4.37%		112	139	74
Niger	1169.0	2.0	69.0	NULL	1082.0	18.0	NULL	48.0	3.0	9052.0	372.0	2.4315155E7	5.99%	193.0	169.0	202.0	43.0	NULL	NULL	Niger	1169.00	2	69		1082.00	18		48	3	9052.00	372	24315155	5.99%	193	169	202	43
Nigeria	50964.0	476.0	992.0	7.0	37569.0	12403.0	7.0	246.0	5.0	352625.0	1705.0	2.06802324E8	2.57%	185.0	155.0	173.0	115.0	NULL	NULL	Nigeria	50964.00	476	992	7	37569.00	12403.00	7	246	5	352625.00	1705.00	206802324	2.57%	185	155	173	115
North Macedonia	13194.0	118.0	554.0	3.0	9752.0	2888.0	4.0	6333.0	266.0	132493.0	63596.0	2083362.0	5.38%	75.0	24.0	40.0	56.0	NULL	NULL	North Macedonia	13194.00	118	554	3	9752.00	2888.00	4	6333.00	266	132493.00	63596.00	2083362	5.38%	75	24	40	56
Norway	10197.0	35.0	264.0	2.0	9150.0	783.0	1.0	1879.0	49.0	588550.0	108447.0	5427090.0	2.80%	49.0	82.0	93.0	112.0	NULL	NULL	Norway	10197.00	35	264	2	9150.00	783	1	1879.00	49	588550.00	108447.00	5427090	2.80%	49	82	93	112
Oman	83769.0	163.0	609.0	6.0	78386.0	4774.0	151.0	16350.0	119.0	309212.0	60353.0	5123430.0	0.77%	79.0	46.0	11.0	174.0	NULL	NULL	Oman	83769.00	163	609	6	78386.00	4774.00	151	16350.00	119	309212.00	60353.00	5123430	0.77%	79	46	11	174
Pakistan	290958.0	513.0	6209.0	8.0	272804.0	11945.0	725.0	1314.0	28.0	2363752.0	10673.0	2.21460187E8	2.23%	148.0	100.0	109.0	134.0	NULL	NULL	Pakistan	290958.00	513	6209.00	8	272804.00	11945.00	725	1314.00	28	2363752.00	10673.00	221460187	2.23%	148	100	109	134
Palestine	17989.0	383.0	120.0	1.0	10682.0	7187.0	NULL	3516.0	23.0	214862.0	41991.0	5116888.0	1.11%	98.0	107.0	71.0	167.0	NULL	NULL	Palestine	17989.00	383	120	1	10682.00	7187.00		3516.00	23	214862.00	41991.00	5116888	1.11%	98	107	71	167
Panama	83855.0	101.0	1844.0	17.0	59174.0	22837.0	154.0	19393.0	426.0	287300.0	66445.0	4323882.0	3.02%	69.0	14.0	6.0	101.0	NULL	NULL	Panama	83855.00	101	1844.00	17	59174.00	22837.00	154	19393.00	426	287300.00	66445.00	4323882	3.02%	69	14	6	101
Papua New Guinea	361.0	14.0	4.0	1.0	198.0	159.0	NULL	40.0	0.4	14439.0	1610.0	8969502.0	1.98%	187.0	184.0	203.0	141.0	NULL	NULL	Papua New Guinea	361	14	4	1	198	159		40	0.4	14439.00	1610.00	8969502	1.98%	187	184	203	141
Paraguay	11817.0	684.0	170.0	5.0	6783.0	4864.0	63.0	1654.0	24.0	166110.0	23250.0	7144441.0	2.44%	125.0	104.0	97.0	126.0	NULL	NULL	Paraguay	11817.00	684	170	5	6783.00	4864.00	63	1654.00	24	166110.00	23250.00	7144441	2.44%	125	104	97	126
Peru	567059.0	8639.0	27034.0	200.0	380730.0	159295.0	1519.0	17166.0	818.0	2852011.0	86336.0	3.3033892E7	6.63%	58.0	3.0	9.0	38.0	NULL	NULL	Peru	567059.00	8639.00	27034.00	200	380730.00	159295.00	1519.00	17166.00	818	2852011.00	86336.00	33033892	6.63%	58	3	9	38
Philippines	177579.0	3896.0	2881.0	86.0	113903.0	60795.0	717.0	1618.0	26.0	2193448.0	19981.0	1.09778515E8	2.47%	129.0	101.0	99.0	124.0	NULL	NULL	Philippines	177579.00	3896.00	2881.00	86	113903.00	60795.00	717	1618.00	26	2193448.00	19981.00	109778515	2.47%	129	101	99	124
Poland	59378.0	767.0	1925.0	12.0	40481.0	16972.0	85.0	1569.0	51.0	2409394.0	63672.0	3.7840722E7	4.54%	74.0	78.0	101.0	66.0	NULL	NULL	Poland	59378.00	767	1925.00	12	40481.00	16972.00	85	1569.00	51	2409394.00	63672.00	37840722	4.54%	74	78	101	66
Portugal	54992.0	291.0	1788.0	2.0	40264.0	12940.0	39.0	5395.0	175.0	1880235.0	184473.0	1.0192461E7	4.25%	26.0	34.0	49.0	80.0	NULL	NULL	Portugal	54992.00	291	1788.00	2	40264.00	12940.00	39	5395.00	175	1880235.00	184473.00	10192461	4.25%	26	34	49	80
Qatar	116224.0	268.0	193.0	NULL	112924.0	3107.0	64.0	41393.0	69.0	572273.0	203815.0	2807805.0	0.17%	23.0	65.0	1.0	191.0	NULL	NULL	Qatar	116224.00	268	193		112924.00	3107.00	64	41393.00	69	572273.00	203815.00	2807805	0.17%	23	65	1	191
Romania	74963.0	1346.0	3154.0	48.0	34196.0	37613.0	489.0	3900.0	164.0	1591015.0	82783.0	1.9219141E7	8.44%	60.0	35.0	61.0	28.0	NULL	NULL	Romania	74963.00	1346.00	3154.00	48	34196.00	37613.00	489	3900.00	164	1591015.00	82783.00	19219141	8.44%	60	35	61	28
Russia	942106.0	4785.0	16099.0	110.0	755513.0	170494.0	2300.0	6455.0	110.0	3.35E7	229541.0	1.45943309E8	2.09%	17.0	49.0	39.0	140.0	NULL	NULL	Russia	942106.00	4785.00	16099.00	110	755513.00	170494.00	2300.00	6455.00	110	33500000.00	229541.00	145943309	2.09%	17	49	39	140
Rwanda	2717.0	73.0	11.0	1.0	1705.0	1001.0	NULL	209.0	0.8	351383.0	27042.0	1.2993865E7	0.64%	118.0	180.0	179.0	182.0	NULL	NULL	Rwanda	2717.00	73	11	1	1705.00	1001.00		209	0.8	351383.00	27042.00	12993865	0.64%	118	180	179	182
Réunio	996.0	51.0	5.0	NULL	657.0	334.0	3.0	1111.0	6.0	35419.0	39521.0	896196.0	0.76%	104.0	148.0	115.0	176.0	NULL	NULL	Réunio	996	51	5		657	334	3	1111.00	6	35419.00	39521.00	896196	0.76%	104	148	115	176
S. Korea	16346.0	288.0	307.0	1.0	14063.0	1976.0	12.0	319.0	6.0	1734083.0	33819.0	5.1275415E7	2.14%	111.0	148.0	162.0	137.0	NULL	NULL	S. Korea	16346.00	288	307	1	14063.00	1976.00	12	319	6	1734083.00	33819.00	51275415	2.14%	111	148	162	137
Saint Kitts and Nevis	17.0	NULL	NULL	NULL	17.0	0.0	NULL	319.0	NULL	1385.0	26009.0	53251.0		120.0	NULL	162.0	NULL	NULL	NULL	Saint Kitts and Nevis	17				17	0		319		1385.00	26009.00	53251		120		162	
Saint Lucia	26.0	NULL	NULL	NULL	25.0	1.0	NULL	142.0	NULL	4946.0	26918.0	183744.0		119.0	NULL	186.0	NULL	NULL	NULL	Saint Lucia	26				25	1		142		4946.00	26918.00	183744		119		186	
Saint Martin	121.0	NULL	5.0	NULL	49.0	67.0	1.0	3122.0	129.0	2449.0	63193.0	38754.0	9.26%	76.0	44.0	77.0	27.0	NULL	NULL	Saint Martin	121		5		49	67	1	3122.00	129	2449.00	63193.00	38754	9.26%	76	44	77	27
Saint Pierre Miquelon	5.0	NULL	NULL	NULL	1.0	4.0	NULL	864.0	NULL	NULL	NULL	5790.0		NULL	NULL	128.0	NULL	NULL	NULL	Saint Pierre Miquelon	5				1	4		864				5790				128	
San Marino	704.0	NULL	42.0	NULL	657.0	5.0	NULL	20742.0	1237.0	6511.0	191833.0	33941.0	6.01%	24.0	1.0	4.0	42.0	NULL	NULL	San Marino	704		42		657	5		20742.00	1237.00	6511.00	191833.00	33941	6.01%	24	1	4	42
Sao Tome and Principe	888.0	3.0	15.0	NULL	829.0	44.0	NULL	4042.0	68.0	3432.0	15621.0	219700.0	1.78%	137.0	66.0	59.0	145.0	NULL	NULL	Sao Tome and Principe	888	3	15		829	44		4042.00	68	3432.00	15621.00	219700	1.78%	137	66	59	145
Saudi Arabia	303973.0	1287.0	3548.0	42.0	275476.0	24949.0	1682.0	8713.0	102.0	4501104.0	129021.0	3.4886672E7	1.27%	39.0	53.0	24.0	163.0	NULL	NULL	Saudi Arabia	303973.00	1287.00	3548.00	42	275476.00	24949.00	1682.00	8713.00	102	4501104.00	129021.00	34886672	1.27%	39	53	24	163
Senegal	12559.0	113.0	261.0	3.0	8050.0	4248.0	39.0	748.0	16.0	134349.0	7997.0	1.6800813E7	3.14%	159.0	122.0	132.0	98.0	NULL	NULL	Senegal	12559.00	113	261	3	8050.00	4248.00	39	748	16	134349.00	7997.00	16800813	3.14%	159	122	132	98
Serbia	30209.0	161.0	689.0	5.0	27908.0	1612.0	52.0	3459.0	79.0	842441.0	96474.0	8732325.0	2.41%	54.0	60.0	73.0	127.0	NULL	NULL	Serbia	30209.00	161	689	5	27908.00	1612.00	52	3459.00	79	842441.00	96474.00	8732325	2.41%	54	60	73	127
Seychelles	132.0	NULL	NULL	NULL	126.0	6.0	NULL	1341.0	NULL	NULL	NULL	98431.0		NULL	NULL	107.0	NULL	NULL	NULL	Seychelles	132				126	6		1341.00				98431				107	
Sierra Leone	1969.0	8.0	69.0	NULL	1536.0	364.0	NULL	246.0	9.0	NULL	NULL	7998386.0	4.30%	NULL	137.0	173.0	79.0	NULL	NULL	Sierra Leone	1969.00	8	69		1536.00	364		246	9			7998386	4.30%		137	173	79
Singapore	56099.0	68.0	27.0	0.0	53119.0	2953.0	NULL	9579.0	5.0	1745928.0	298108.0	5856690.0	0.05%	15.0	155.0	22.0	192.0	NULL	NULL	Singapore	56099.00	68	27	0	53119.00	2953.00		9579.00	5	1745928.00	298108.00	5856690	0.05%	15	155	22	192
Sint Maarten	348.0	15.0	17.0	NULL	133.0	198.0	3.0	8104.0	396.0	1983.0	46179.0	42942.0	11.33%	92.0	15.0	29.0	18.0	NULL	NULL	Sint Maarten	348	15	17		133	198	3	8104.00	396	1983.00	46179.00	42942	11.33%	92	15	29	18
Slovakia	3102.0	80.0	33.0	NULL	2014.0	1055.0	8.0	568.0	6.0	304021.0	55681.0	5460016.0	1.61%	83.0	148.0	142.0	151.0	NULL	NULL	Slovakia	3102.00	80	33		2014.00	1055.00	8	568	6	304021.00	55681.00	5460016	1.61%	83	148	142	151
Slovenia	2536.0	43.0	129.0	NULL	2079.0	328.0	3.0	1220.0	62.0	147091.0	70752.0	2078978.0	5.84%	66.0	71.0	112.0	46.0	NULL	NULL	Slovenia	2536.00	43	129		2079.00	328	3	1220.00	62	147091.00	70752.00	2078978	5.84%	66	71	112	46
Somalia	3265.0	NULL	93.0	NULL	2396.0	776.0	NULL	205.0	6.0	NULL	NULL	1.5950038E7	3.74%	NULL	148.0	180.0	85.0	NULL	NULL	Somalia	3265.00		93		2396.00	776		205	6			15950038	3.74%		148	180	85
South Africa	599940.0	3880.0	12618.0	195.0	497169.0	90153.0	539.0	10098.0	212.0	3480283.0	58581.0	5.9410167E7	2.48%	82.0	30.0	20.0	123.0	NULL	NULL	South Africa	599940.00	3880.00	12618.00	195	497169.00	90153.00	539	10098.00	212	3480283.00	58581.00	59410167	2.48%	82	30	20	123
South Sudan	2494.0	NULL	47.0	NULL	1290.0	1157.0	NULL	222.0	4.0	12044.0	1074.0	1.121159E7	3.52%	191.0	162.0	175.0	87.0	NULL	NULL	South Sudan	2494.00		47		1290.00	1157.00		222	4	12044.00	1074.00	11211590	3.52%	191	162	175	87
Spain	404229.0	3349.0	28813.0	16.0	0.0	0.0	522.0	8645.0	616.0	7955615.0	170147.0	4.6757339E7	100.00%	29.0	5.0	25.0	1.0	NULL	NULL	Spain	404229.00	3349.00	28813.00	16	0	0	522	8645.00	616	7955615.00	170147.00	46757339	100.00%	29	5	25	1
Sri Lanka	2918.0	16.0	11.0	NULL	2765.0	142.0	1.0	136.0	0.5	195025.0	9102.0	2.1425788E7	0.40%	154.0	183.0	187.0	189.0	NULL	NULL	Sri Lanka	2918.00	16	11		2765.00	142	1	136	0.5	195025.00	9102.00	21425788	0.40%	154	183	187	189
St. Barth	16.0	NULL	NULL	NULL	9.0	7.0	NULL	1619.0	NULL	1699.0	171946.0	9881.0		28.0	NULL	98.0	NULL	NULL	NULL	St. Barth	16				9	7		1619.00		1699.00	171946.00	9881		28		98	
St. Vincent Grenadines	58.0	NULL	NULL	NULL	56.0	2.0	NULL	523.0	NULL	3033.0	27327.0	110989.0		117.0	NULL	148.0	NULL	NULL	NULL	St. Vincent Grenadines	58				56	2		523		3033.00	27327.00	110989		117		148	
Sudan	12582.0	36.0	812.0	4.0	6456.0	5314.0	NULL	286.0	18.0	401.0	9.0	4.3982802E7	11.17%	194.0	114.0	166.0	19.0	NULL	NULL	Sudan	12582.00	36	812	4	6456.00	5314.00		286	18	401	9	43982802	11.17%	194	114	166	19
Suriname	3366.0	71.0	55.0	1.0	2383.0	928.0	20.0	5731.0	94.0	5889.0	10026.0	587354.0	2.26%	151.0	56.0	45.0	131.0	NULL	NULL	Suriname	3366.00	71	55	1	2383.00	928	20	5731.00	94	5889.00	10026.00	587354	2.26%	151	56	45	131
Sweden	85810.0	NULL	5805.0	5.0	0.0	0.0	27.0	8489.0	574.0	1030010.0	101900.0	1.0108001E7	100.00%	53.0	8.0	26.0	1.0	NULL	NULL	Sweden	85810.00		5805.00	5	0	0	27	8489.00	574	1030010.00	101900.00	10108001	100.00%	53	8	26	1
Switzerland	39026.0	266.0	1998.0	2.0	33900.0	3128.0	15.0	4505.0	231.0	910283.0	105073.0	8663370.0	5.57%	50.0	27.0	54.0	51.0	NULL	NULL	Switzerland	39026.00	266	1998.00	2	33900.00	3128.00	15	4505.00	231	910283.00	105073.00	8663370	5.57%	50	27	54	51
Syria	2008.0	81.0	82.0	4.0	460.0	1466.0	NULL	114.0	5.0	NULL	NULL	1.7555909E7	15.13%	NULL	155.0	189.0	11.0	NULL	NULL	Syria	2008.00	81	82	4	460	1466.00		114	5			17555909	15.13%		155	189	11
Taiwan	486.0	NULL	7.0	NULL	457.0	22.0	NULL	20.0	0.3	85563.0	3592.0	2.3822843E7	1.51%	176.0	187.0	207.0	156.0	NULL	NULL	Taiwan	486		7		457	22		20	0.3	85563.00	3592.00	23822843	1.51%	176	187	207	156
Tajikistan	8203.0	37.0	66.0	1.0	7006.0	1131.0	NULL	858.0	7.0	NULL	NULL	9565683.0	0.93%	NULL	146.0	129.0	170.0	NULL	NULL	Tajikistan	8203.00	37	66	1	7006.00	1131.00		858	7			9565683	0.93%		146	129	170
Tanzania	509.0	NULL	21.0	NULL	183.0	305.0	7.0	8.0	0.4	NULL	NULL	5.9951725E7	10.29%	NULL	184.0	212.0	23.0	NULL	NULL	Tanzania	509		21		183	305	7	8	0.4			59951725	10.29%		184	212	23
Thailand	3389.0	7.0	58.0	NULL	3218.0	113.0	1.0	49.0	0.8	749213.0	10730.0	6.9824575E7	1.77%	147.0	180.0	201.0	146.0	NULL	NULL	Thailand	3389.00	7	58		3218.00	113	1	49	0.8	749213.00	10730.00	69824575	1.77%	147	180	201	146
Timor-Leste	25.0	NULL	NULL	NULL	25.0	0.0	NULL	19.0	NULL	4238.0	3206.0	1321774.0		177.0	NULL	208.0	NULL	NULL	NULL	Timor-Leste	25				25	0		19		4238.00	3206.00	1321774		177		208	
Togo	1212.0	22.0	27.0	NULL	878.0	307.0	2.0	146.0	3.0	55741.0	6713.0	8304024.0	2.98%	164.0	169.0	185.0	102.0	NULL	NULL	Togo	1212.00	22	27		878	307	2	146	3	55741.00	6713.00	8304024	2.98%	164	169	185	102
Trinidad and Tobago	767.0	81.0	12.0	NULL	140.0	615.0	3.0	548.0	9.0	18036.0	12882.0	1400123.0	7.89%	143.0	137.0	145.0	31.0	NULL	NULL	Trinidad and Tobago	767	81	12		140	615	3	548	9	18036.00	12882.00	1400123	7.89%	143	137	145	31
Tunisia	2543.0	116.0	63.0	3.0	1397.0	1083.0	8.0	215.0	5.0	119193.0	10071.0	1.1835528E7	4.32%	149.0	155.0	177.0	78.0	NULL	NULL	Tunisia	2543.00	116	63	3	1397.00	1083.00	8	215	5	119193.00	10071.00	11835528	4.32%	149	155	177	78
Turkey	254520.0	1412.0	6058.0	19.0	234797.0	13665.0	735.0	3013.0	72.0	6061930.0	71770.0	8.4463026E7	2.52%	65.0	63.0	79.0	119.0	NULL	NULL	Turkey	254520.00	1412.00	6058.00	19	234797.00	13665.00	735	3013.00	72	6061930.00	71770.00	84463026	2.52%	65	63	79	119
Turks and Caicos	327.0	12.0	2.0	NULL	56.0	269.0	3.0	8430.0	52.0	1940.0	50015.0	38788.0	3.45%	88.0	77.0	27.0	89.0	NULL	NULL	Turks and Caicos	327	12	2		56	269	3	8430.00	52	1940.00	50015.00	38788	3.45%	88	77	27	89
UAE	65802.0	461.0	369.0	2.0	58153.0	7280.0	NULL	6642.0	37.0	6265918.0	632496.0	9906649.0	0.63%	7.0	89.0	37.0	183.0	NULL	NULL	UAE	65802.00	461	369	2	58153.00	7280.00		6642.00	37	6265918.00	632496.00	9906649	0.63%	7	89	37	183
UK	322280.0	1182.0	41403.0	6.0	0.0	0.0	70.0	4744.0	609.0	1.5177265E7	223407.0	6.7935641E7	100.00%	18.0	6.0	53.0	1.0	NULL	NULL	UK	322280.00	1182.00	41403.00	6	0	0	70	4744.00	609	15177265.00	223407.00	67935641	100.00%	18	6	53	1
USA	5746272.0	45341.0	177424.0	1090.0	3095484.0	2473364.0	16817.0	17346.0	536.0	7.3868332E7	222984.0	3.31272237E8	5.42%	19.0	10.0	8.0	53.0	NULL	NULL	USA	5746272.00	45341.00	177424.00	1090.00	3095484.00	2473364.00	16817.00	17346.00	536	73868332.00	222984.00	331272237	5.42%	19	10	8	53
Uganda	1750.0	94.0	19.0	3.0	1194.0	537.0	NULL	38.0	0.4	336713.0	7332.0	4.5923374E7	1.57%	162.0	184.0	204.0	153.0	NULL	NULL	Uganda	1750.00	94	19	3	1194.00	537		38	0.4	336713.00	7332.00	45923374	1.57%	162	184	204	153
Ukraine	98537.0	2134.0	2184.0	40.0	50441.0	45912.0	177.0	2255.0	50.0	1356698.0	31049.0	4.3695861E7	4.15%	113.0	80.0	88.0	81.0	NULL	NULL	Ukraine	98537.00	2134.00	2184.00	40	50441.00	45912.00	177	2255.00	50	1356698.00	31049.00	43695861	4.15%	113	80	88	81
Uruguay	1506.0	13.0	41.0	1.0	1242.0	223.0	3.0	433.0	12.0	154431.0	44435.0	3475415.0	3.20%	95.0	132.0	155.0	96.0	NULL	NULL	Uruguay	1506.00	13	41	1	1242.00	223	3	433	12	154431.00	44435.00	3475415	3.20%	95	132	155	96
Uzbekistan	37547.0	435.0	252.0	4.0	33261.0	4034.0	410.0	1120.0	8.0	1377915.0	41089.0	3.3534589E7	0.75%	100.0	141.0	114.0	177.0	NULL	NULL	Uzbekistan	37547.00	435	252	4	33261.00	4034.00	410	1120.00	8	1377915.00	41089.00	33534589	0.75%	100	141	114	177
Vatican City	12.0	NULL	NULL	NULL	12.0	0.0	NULL	14981.0	NULL	NULL	NULL	801.0		NULL	NULL	12.0	NULL	NULL	NULL	Vatican City	12				12	0		14981.00				801				12	
Venezuela	37567.0	699.0	311.0	8.0	26330.0	10926.0	85.0	1322.0	11.0	1678639.0	59056.0	2.8424431E7	1.17%	80.0	133.0	108.0	164.0	NULL	NULL	Venezuela	37567.00	699	311	8	26330.00	10926.00	85	1322.00	11	1678639.00	59056.00	28424431	1.17%	80	133	108	164
Vietnam	1007.0	13.0	25.0	NULL	542.0	440.0	NULL	10.0	0.3	817208.0	8385.0	9.7458937E7	4.41%	157.0	187.0	211.0	71.0	NULL	NULL	Vietnam	1007.00	13	25		542	440		10	0.3	817208.00	8385.00	97458937	4.41%	157	187	211	71
Western Sahara	10.0	NULL	1.0	NULL	8.0	1.0	NULL	17.0	2.0	NULL	NULL	599245.0	11.11%	NULL	176.0	209.0	21.0	NULL	NULL	Western Sahara	10		1		8	1		17	2			599245	11.11%		176	209	21
World	2.2849844E7	267351.0	796376.0	6186.0	1.5508345E7	6545123.0	61822.0	2931.0	102.2	NULL	NULL	NULL	4.88%	NULL	52.0	80.0	61.0	NULL	NULL	World	22849844.00	267351.00	796376.00	6186.00	15508345.00	6545123.00	61822.00	2931.00	102.2				4.88%		52	80	61
Yemen	1899.0	7.0	541.0	2.0	1058.0	300.0	NULL	63.0	18.0	120.0	4.0	2.9912082E7	33.83%	195.0	114.0	196.0	7.0	NULL	NULL	Yemen	1899.00	7	541	2	1058.00	300		63	18	120	4	29912082	33.83%	195	114	196	7
Zambia	10372.0	154.0	274.0	5.0	9126.0	972.0	NULL	562.0	15.0	103023.0	5584.0	1.8449899E7	2.91%	171.0	125.0	143.0	108.0	NULL	NULL	Zambia	10372.00	154	274	5	9126.00	972		562	15	103023.00	5584.00	18449899	2.91%	171	125	143	108
Zimbabwe	5745.0	102.0	151.0	1.0	4525.0	1069.0	NULL	386.0	10.0	149748.0	10056.0	1.4892083E7	3.23%	150.0	134.0	157.0	95.0	NULL	NULL	Zimbabwe	5745.00	102	151	1	4525.00	1069.00		386	10	149748.00	10056.00	14892083	3.23%	150	134	157	95
WARN: The method class org.apache.commons.logging.impl.SLF4JLogFactory#release() was invoked.
WARN: Please see http://www.slf4j.org/codes.html#release for an explanation.
